<?xml version = '1.0'?>
<!DOCTYPE connections>
<connections>
   <connection>
      <ConnectionName>AppServerConnection1</ConnectionName>
      <URL>ormi://fld24806/</URL>
      <ConnectionType>OC4J</ConnectionType>
      <user>admin</user>
      <JNDI_INITIAL_CONTEXT_FACTORY>com.evermind.server.rmi.RMIInitialContextFactory</JNDI_INITIAL_CONTEXT_FACTORY>
      <TARGET_NODE>http-web-site</TARGET_NODE>
   </connection>
   <connection>
      <JDBC_PORT>1537</JDBC_PORT>
      <ConnectionType>JDBC</ConnectionType>
      <HOSTNAME>mtna00</HOSTNAME>
      <DeployPassword>true</DeployPassword>
      <user>rating</user>
      <ConnectionName>DBRating</ConnectionName>
      <SID>isistr</SID>
      <JdbcDriver>oracle.jdbc.driver.OracleDriver</JdbcDriver>
      <password>cis2pir</password>
      <ORACLE_JDBC_TYPE>thin</ORACLE_JDBC_TYPE>
   </connection>
</connections>
