﻿<ConversionLog>
    <Settings>
        <Setting
            Name = "LogFile"
            Value = "stringtemplate.xml"
        />
        <Setting
            Name = "ProjectName"
            Value = "stringtemplate"
        />
        <Setting
            Name = "OutputDir"
            Value = "C:\files\Visual Studio Projects\stringtemplate"
        />
        <Setting
            Name = "ProjectPath"
            Value = "C:\files\stringtemplate-2.1\org\antlr\stringtemplate"
        />
    </Settings>
    <Root>
        <File
            OldPath = "C:\files\stringtemplate-2.1\org\antlr\stringtemplate\AutoIndentWriter.java"
            NewPath = "C:\files\Visual Studio Projects\stringtemplate\AutoIndentWriter.cs"
        >
            <Class Name = "org.antlr.stringtemplate.AutoIndentWriter" >
                <Section Name = "Declarations" >
                    <Issue
                        Type = "Compile"
                        Number = "1186"
                        Severity = "2"
                    >Class hierarchy differences between 'java.io.Writer' and 'System.IO.StreamWriter' may cause compilation errors.</Issue>
                    <Issue
                        Type = "Compile"
                        Number = "1186"
                        Severity = "2"
                    >Class hierarchy differences between 'java.io.Writer' and 'System.IO.StreamWriter' may cause compilation errors.</Issue>
                </Section>
            </Class>
        </File>
        <Directory Name = "language" >
            <File
                OldPath = "C:\files\stringtemplate-2.1\org\antlr\stringtemplate\language\ASTExpr.java"
                NewPath = "C:\files\Visual Studio Projects\stringtemplate\ASTExpr.cs"
            >
                <Class Name = "org.antlr.stringtemplate.language.ASTExpr" >
                    <Section Name = "applyListOfAlternatingTemplates(org.antlr.stringtemplate.StringTemplate,java.lang.Object,java.util.List)" >
                        <Issue
                            Type = "ToDo"
                            Number = "1073"
                            LinkKeywordParam = "_javautilIteratorhasNext"
                            Severity = "2"
                        >Method 'java.util.Iterator.hasNext' was converted to 'System.Collections.IEnumerator.MoveNext' which has a different behavior.</Issue>
                        <Issue
                            Type = "ToDo"
                            Number = "1073"
                            LinkKeywordParam = "_javautilIteratornext"
                            Severity = "2"
                        >Method 'java.util.Iterator.next' was converted to 'System.Collections.IEnumerator.Current' which has a different behavior.</Issue>
                        <Issue
                            Type = "ToDo"
                            Number = "1073"
                            LinkKeywordParam = "_javautilHashMap"
                            Severity = "2"
                        >Class 'java.util.HashMap' was converted to 'System.Collections.Hashtable' which has a different behavior.</Issue>
                        <Issue
                            Type = "ToDo"
                            Number = "1043"
                            Severity = "2"
                        >The equivalent in .NET for method 'java.util.List.add' may return a different value.</Issue>
                        <Issue
                            Type = "ToDo"
                            Number = "1073"
                            LinkKeywordParam = "_javautilHashMap"
                            Severity = "2"
                        >Class 'java.util.HashMap' was converted to 'System.Collections.Hashtable' which has a different behavior.</Issue>
                    </Section>
                    <Section Name = "getObjectProperty(org.antlr.stringtemplate.StringTemplate,java.lang.Object,java.lang.String)" >
                        <Issue
                            Type = "ToDo"
                            Number = "1043"
                            Severity = "2"
                        >The equivalent in .NET for method 'java.lang.Class.getName' may return a different value.</Issue>
                        <Issue
                            Type = "ToDo"
                            Number = "1092"
                            Severity = "2"
                        >The differences in the expected value  of parameters for method 'java.lang.Class.getField'  may cause compilation errors. </Issue>
                        <Issue
                            Type = "ToDo"
                            Number = "1043"
                            Severity = "2"
                        >The equivalent in .NET for method 'java.lang.Class.getName' may return a different value.</Issue>
                        <Issue
                            Type = "ToDo"
                            Number = "1043"
                            Severity = "2"
                        >The equivalent in .NET for method 'java.lang.Class.getName' may return a different value.</Issue>
                    </Section>
                    <Section Name = "add(java.lang.Object,java.lang.Object)" >
                        <Issue
                            Type = "ToDo"
                            Number = "1043"
                            Severity = "2"
                        >The equivalent in .NET for method 'java.lang.Object.toString' may return a different value.</Issue>
                        <Issue
                            Type = "ToDo"
                            Number = "1043"
                            Severity = "2"
                        >The equivalent in .NET for method 'java.lang.Object.toString' may return a different value.</Issue>
                    </Section>
                    <Section Name = "write(org.antlr.stringtemplate.StringTemplate,java.lang.Object,org.antlr.stringtemplate.StringTemplateWriter,java.lang.Object)" >
                        <Issue
                            Type = "ToDo"
                            Number = "1073"
                            LinkKeywordParam = "_javautilIteratorhasNext"
                            Severity = "2"
                        >Method 'java.util.Iterator.hasNext' was converted to 'System.Collections.IEnumerator.MoveNext' which has a different behavior.</Issue>
                        <Issue
                            Type = "ToDo"
                            Number = "1073"
                            LinkKeywordParam = "_javautilIteratornext"
                            Severity = "2"
                        >Method 'java.util.Iterator.next' was converted to 'System.Collections.IEnumerator.Current' which has a different behavior.</Issue>
                        <Issue
                            Type = "ToDo"
                            Number = "1073"
                            LinkKeywordParam = "_javautilIteratorhasNext"
                            Severity = "2"
                        >Method 'java.util.Iterator.hasNext' was converted to 'System.Collections.IEnumerator.MoveNext' which has a different behavior.</Issue>
                        <Issue
                            Type = "ToDo"
                            Number = "1043"
                            Severity = "2"
                        >The equivalent in .NET for method 'java.lang.Object.toString' may return a different value.</Issue>
                        <Issue
                            Type = "ToDo"
                            Number = "1043"
                            Severity = "2"
                        >The equivalent in .NET for method 'java.lang.Object.toString' may return a different value.</Issue>
                    </Section>
                    <Section Name = "computeSeparator(org.antlr.stringtemplate.StringTemplate,org.antlr.stringtemplate.StringTemplateWriter,java.lang.Object)" >
                        <Issue
                            Type = "Compile"
                            Number = "1186"
                            Severity = "2"
                        >Class hierarchy differences between 'java.io.Writer' and 'System.IO.StreamWriter' may cause compilation errors.</Issue>
                        <Issue
                            Type = "ToDo"
                            Number = "1043"
                            Severity = "2"
                        >The equivalent in .NET for method 'java.lang.Object.toString' may return a different value.</Issue>
                    </Section>
                    <Section Name = "convertArrayToList(java.lang.Object)" >
                        <Issue
                            Type = "ToDo"
                            Number = "1073"
                            LinkKeywordParam = "_javautilArraysasList_javalangObject[]"
                            Severity = "2"
                        >Method 'java.util.Arrays.asList' was converted to 'System.Collections.ArrayList' which has a different behavior.</Issue>
                        <Issue
                            Type = "ToDo"
                            Number = "1043"
                            Severity = "2"
                        >The equivalent in .NET for method 'java.util.List.add' may return a different value.</Issue>
                        <Issue
                            Type = "ToDo"
                            Number = "1043"
                            Severity = "2"
                        >The equivalent in .NET for method 'java.util.List.add' may return a different value.</Issue>
                        <Issue
                            Type = "ToDo"
                            Number = "1043"
                            Severity = "2"
                        >The equivalent in .NET for method 'java.util.List.add' may return a different value.</Issue>
                        <Issue
                            Type = "ToDo"
                            Number = "1043"
                            Severity = "2"
                        >The equivalent in .NET for method 'java.util.List.add' may return a different value.</Issue>
                    </Section>
                    <Section Name = "isValidMapInstance(java.lang.Class)" >
                        <Issue
                            Type = "ToDo"
                            Number = "1073"
                            LinkKeywordParam = "_javautilHashMap"
                            Severity = "2"
                        >Class 'java.util.HashMap' was converted to 'System.Collections.Hashtable' which has a different behavior.</Issue>
                    </Section>
                </Class>
            </File>
            <File
                OldPath = "C:\files\stringtemplate-2.1\org\antlr\stringtemplate\language\AttributeReflectionController.java"
                NewPath = "C:\files\Visual Studio Projects\stringtemplate\AttributeReflectionController.cs"
            >
                <Class Name = "org.antlr.stringtemplate.language.AttributeReflectionController" >
                    <Section Name = "toString()" >
                        <Issue
                            Type = "ToDo"
                            Number = "1073"
                            LinkKeywordParam = "_javautilHashSet"
                            Severity = "2"
                        >Class 'java.util.HashSet' was converted to 'SupportClass.HashSetSupport' which has a different behavior.</Issue>
                    </Section>
                    <Section Name = "walkAttributes(org.antlr.stringtemplate.StringTemplate)" >
                        <Issue
                            Type = "ToDo"
                            Number = "1073"
                            LinkKeywordParam = "_javautilIteratorhasNext"
                            Severity = "2"
                        >Method 'java.util.Iterator.hasNext' was converted to 'System.Collections.IEnumerator.MoveNext' which has a different behavior.</Issue>
                        <Issue
                            Type = "ToDo"
                            Number = "1073"
                            LinkKeywordParam = "_javautilIteratornext"
                            Severity = "2"
                        >Method 'java.util.Iterator.next' was converted to 'System.Collections.IEnumerator.Current' which has a different behavior.</Issue>
                        <Issue
                            Type = "ToDo"
                            Number = "1073"
                            LinkKeywordParam = "_javautilMapkeySet"
                            Severity = "2"
                        >Method 'java.util.Map.keySet' was converted to 'SupportClass.HashSetSupport' which has a different behavior.</Issue>
                    </Section>
                    <Section Name = "walkPropertiesList(java.lang.Object,java.lang.Class)" >
                        <Issue
                            Type = "ToDo"
                            Number = "1043"
                            Severity = "2"
                        >The equivalent in .NET for method 'java.lang.Class.getName' may return a different value.</Issue>
                    </Section>
                    <Section Name = "walkAtomicType(java.lang.Class)" >
                        <Issue
                            Type = "ToDo"
                            Number = "1043"
                            Severity = "2"
                        >The equivalent in .NET for method 'java.lang.Class.getName' may return a different value.</Issue>
                    </Section>
                    <Section Name = "walkMap(java.util.Map)" >
                        <Issue
                            Type = "ToDo"
                            Number = "1073"
                            LinkKeywordParam = "_javautilIteratorhasNext"
                            Severity = "2"
                        >Method 'java.util.Iterator.hasNext' was converted to 'System.Collections.IEnumerator.MoveNext' which has a different behavior.</Issue>
                        <Issue
                            Type = "ToDo"
                            Number = "1073"
                            LinkKeywordParam = "_javautilIteratornext"
                            Severity = "2"
                        >Method 'java.util.Iterator.next' was converted to 'System.Collections.IEnumerator.Current' which has a different behavior.</Issue>
                        <Issue
                            Type = "ToDo"
                            Number = "1043"
                            Severity = "2"
                        >The equivalent in .NET for method 'java.lang.Class.getName' may return a different value.</Issue>
                        <Issue
                            Type = "ToDo"
                            Number = "1073"
                            LinkKeywordParam = "_javautilMapkeySet"
                            Severity = "2"
                        >Method 'java.util.Map.keySet' was converted to 'SupportClass.HashSetSupport' which has a different behavior.</Issue>
                    </Section>
                    <Section Name = "isAtomicType(java.lang.Class)" >
                        <Issue
                            Type = "ToDo"
                            Number = "1043"
                            Severity = "2"
                        >The equivalent in .NET for method 'java.lang.Class.getName' may return a different value.</Issue>
                        <Issue
                            Type = "ToDo"
                            Number = "1073"
                            LinkKeywordParam = "_javautilHashMap"
                            Severity = "2"
                        >Class 'java.util.HashMap' was converted to 'System.Collections.Hashtable' which has a different behavior.</Issue>
                    </Section>
                </Class>
            </File>
            <File
                OldPath = "C:\files\stringtemplate-2.1\org\antlr\stringtemplate\language\ChunkToken.java"
                NewPath = "C:\files\Visual Studio Projects\stringtemplate\ChunkToken.cs"
            />
            <File
                OldPath = "C:\files\stringtemplate-2.1\org\antlr\stringtemplate\language\ConditionalExpr.java"
                NewPath = "C:\files\Visual Studio Projects\stringtemplate\ConditionalExpr.cs"
            />
            <File
                OldPath = "C:\files\stringtemplate-2.1\org\antlr\stringtemplate\language\Expr.java"
                NewPath = "C:\files\Visual Studio Projects\stringtemplate\Expr.cs"
            />
            <File
                OldPath = "C:\files\stringtemplate-2.1\org\antlr\stringtemplate\language\FormalArgument.java"
                NewPath = "C:\files\Visual Studio Projects\stringtemplate\FormalArgument.cs"
            >
                <Class Name = "org.antlr.stringtemplate.language.FormalArgument" >
                    <Section Name = "Declarations" >
                        <Issue
                            Type = "ToDo"
                            Number = "1073"
                            LinkKeywordParam = "_javautilHashMap"
                            Severity = "2"
                        >Class 'java.util.HashMap' was converted to 'System.Collections.Hashtable' which has a different behavior.</Issue>
                    </Section>
                </Class>
            </File>
            <File
                OldPath = "C:\files\stringtemplate-2.1\org\antlr\stringtemplate\language\NewlineRef.java"
                NewPath = "C:\files\Visual Studio Projects\stringtemplate\NewlineRef.cs"
            />
            <File
                OldPath = "C:\files\stringtemplate-2.1\org\antlr\stringtemplate\language\StringRef.java"
                NewPath = "C:\files\Visual Studio Projects\stringtemplate\StringRef.cs"
            />
            <File
                OldPath = "C:\files\stringtemplate-2.1\org\antlr\stringtemplate\language\StringTemplateAST.java"
                NewPath = "C:\files\Visual Studio Projects\stringtemplate\StringTemplateAST.cs"
            />
        </Directory>
        <Directory Name = "misc" >
            <File
                OldPath = "C:\files\stringtemplate-2.1\org\antlr\stringtemplate\misc\JTreeStringTemplateModel.java"
                NewPath = "C:\files\Visual Studio Projects\stringtemplate\JTreeStringTemplateModel.cs"
            >
                <Class Name = "org.antlr.stringtemplate.misc.JTreeStringTemplateModel.ExprWrapper" >
                    <Section Name = "toString()" >
                        <Issue
                            Type = "ToDo"
                            Number = "1043"
                            Severity = "2"
                        >The equivalent in .NET for method 'java.lang.Object.toString' may return a different value.</Issue>
                    </Section>
                </Class>
                <Class Name = "org.antlr.stringtemplate.misc.JTreeStringTemplateModel.MapEntryWrapper" >
                    <Section Name = "toString()" >
                        <Issue
                            Type = "ToDo"
                            Number = "1043"
                            Severity = "2"
                        >The equivalent in .NET for method 'java.lang.Object.toString' may return a different value.</Issue>
                    </Section>
                </Class>
                <Class Name = "org.antlr.stringtemplate.misc.JTreeStringTemplateModel.HashtableWrapper" >
                    <Section Name = "getTableAsListOfKeys()" >
                        <Issue
                            Type = "ToDo"
                            Number = "1073"
                            LinkKeywordParam = "_javautilLinkedList"
                            Severity = "2"
                        >Class 'java.util.LinkedList' was converted to 'System.Collections.ArrayList' which has a different behavior.</Issue>
                        <Issue
                            Type = "ToDo"
                            Number = "1073"
                            LinkKeywordParam = "_javautilEnumerationhasMoreElements"
                            Severity = "2"
                        >Method 'java.util.Enumeration.hasMoreElements' was converted to 'System.Collections.IEnumerator.MoveNext' which has a different behavior.</Issue>
                        <Issue
                            Type = "ToDo"
                            Number = "1073"
                            LinkKeywordParam = "_javautilEnumerationnextElement"
                            Severity = "2"
                        >Method 'java.util.Enumeration.nextElement' was converted to 'System.Collections.IEnumerator.Current' which has a different behavior.</Issue>
                        <Issue
                            Type = "ToDo"
                            Number = "1043"
                            Severity = "2"
                        >The equivalent in .NET for method 'java.util.List.add' may return a different value.</Issue>
                        <Issue
                            Type = "ToDo"
                            Number = "1073"
                            LinkKeywordParam = "_javautilLinkedList"
                            Severity = "2"
                        >Class 'java.util.LinkedList' was converted to 'System.Collections.ArrayList' which has a different behavior.</Issue>
                    </Section>
                    <Section Name = "wrap(java.lang.Object)" >
                        <Issue
                            Type = "ToDo"
                            Number = "1043"
                            Severity = "2"
                        >The equivalent in .NET for method 'java.lang.Class.getName' may return a different value.</Issue>
                    </Section>
                    <Section Name = "Declarations" >
                        <Issue
                            Type = "ToDo"
                            Number = "1073"
                            LinkKeywordParam = "_javautilHashMap"
                            Severity = "2"
                        >Class 'java.util.HashMap' was converted to 'System.Collections.Hashtable' which has a different behavior.</Issue>
                        <Issue
                            Type = "ToDo"
                            Number = "1095"
                            Severity = "1"
                        >Interface 'javax.swing.event.TreeModelListener' was not converted.</Issue>
                        <Issue
                            Type = "ToDo"
                            Number = "1095"
                            Severity = "1"
                        >Interface 'javax.swing.event.TreeModelListener' was not converted.</Issue>
                        <Issue
                            Type = "Compile"
                            Number = "1000"
                            LinkKeywordParam = "_javaxswingtreeTreePath"
                            Severity = "1"
                        >Class 'javax.swing.tree.TreePath' was not converted.</Issue>
                        <Issue
                            Type = "ToDo"
                            Number = "1073"
                            Severity = "2"
                        >Interface 'javax.swing.tree.TreeModel' was converted to 'System.Windows.Forms.TreeNode' which has a different behavior.</Issue>
                    </Section>
                </Class>
            </File>
            <File
                OldPath = "C:\files\stringtemplate-2.1\org\antlr\stringtemplate\misc\JTreeStringTemplatePanel.java"
                NewPath = "C:\files\Visual Studio Projects\stringtemplate\JTreeStringTemplatePanel.cs"
            >
                <Class Name = "org.antlr.stringtemplate.misc.JTreeStringTemplatePanel" >
                    <Section Name = "JTreeStringTemplatePanel(javax.swing.tree.TreeModel,javax.swing.event.TreeSelectionListener)" >
                        <Issue
                            Type = "Compile"
                            Number = "1000"
                            LinkKeywordParam = "_javaawtContainersetLayout_javaawtLayoutManager"
                            Severity = "1"
                        >Method 'java.awt.Container.setLayout' was not converted.</Issue>
                        <Issue
                            Type = "Compile"
                            Number = "1000"
                            LinkKeywordParam = "_javaawtBorderLayout"
                            Severity = "1"
                        >Constructor 'java.awt.BorderLayout.BorderLayout' was not converted.</Issue>
                        <Issue
                            Type = "Compile"
                            Number = "1000"
                            LinkKeywordParam = "_javaxswingJComponentputClientProperty_javalangObject_javalangObject"
                            Severity = "1"
                        >Method 'javax.swing.JComponent.putClientProperty' was not converted.</Issue>
                        <Issue
                            Type = "ToDo"
                            Number = "1073"
                            Severity = "2"
                        >Class 'javax.swing.JScrollPane' was converted to 'System.Windows.Forms.ScrollableControl' which has a different behavior.</Issue>
                        <Issue
                            Type = "ToDo"
                            Number = "1073"
                            LinkKeywordParam = "_javaxswingJScrollPaneJScrollPane"
                            Severity = "2"
                        >Constructor 'javax.swing.JScrollPane.JScrollPane' was converted to 'System.Windows.Forms.ScrollableControl.ScrollableControl' which has a different behavior.</Issue>
                        <Issue
                            Type = "ToDo"
                            Number = "1073"
                            LinkKeywordParam = "_javaawtContaineradd_javaawtComponent"
                            Severity = "2"
                        >Method 'java.awt.Container.add' was converted to 'System.Windows.Forms.ContainerControl.Controls.Add' which has a different behavior.</Issue>
                        <Issue
                            Type = "Compile"
                            Number = "1000"
                            LinkKeywordParam = "_javaxswingJScrollPanegetViewport"
                            Severity = "1"
                        >Method 'javax.swing.JScrollPane.getViewport' was not converted.</Issue>
                        <Issue
                            Type = "ToDo"
                            Number = "1073"
                            LinkKeywordParam = "_javaawtContaineradd_javaawtComponent_javalangObject"
                            Severity = "2"
                        >Method 'java.awt.Container.add' was converted to 'System.Windows.Forms.ContainerControl.Controls.Add' which has a different behavior.</Issue>
                    </Section>
                    <Section Name = "Declarations" >
                        <Issue
                            Type = "ToDo"
                            Number = "1073"
                            Severity = "2"
                        >Class 'javax.swing.JTree' was converted to 'System.Windows.Forms.TreeView' which has a different behavior.</Issue>
                        <Issue
                            Type = "ToDo"
                            Number = "1073"
                            Severity = "2"
                        >Interface 'javax.swing.tree.TreeModel' was converted to 'System.Windows.Forms.TreeNode' which has a different behavior.</Issue>
                        <Issue
                            Type = "ToDo"
                            Number = "1095"
                            Severity = "1"
                        >Interface 'javax.swing.event.TreeSelectionListener' was not converted.</Issue>
                    </Section>
                </Class>
            </File>
            <File
                OldPath = "C:\files\stringtemplate-2.1\org\antlr\stringtemplate\misc\StringTemplateTreeView.java"
                NewPath = "C:\files\Visual Studio Projects\stringtemplate\StringTemplateTreeView.cs"
            >
                <Class Name = "org.antlr.stringtemplate.misc.StringTemplateTreeView" >
                    <Section Name = "windowClosing(java.awt.event.WindowEvent)" >
                        <Issue
                            Type = "ToDo"
                            Number = "1073"
                            LinkKeywordParam = "_javaawtFrame"
                            Severity = "2"
                        >Class 'java.awt.Frame' was converted to 'System.Windows.Forms.Form' which has a different behavior.</Issue>
                        <Issue
                            Type = "ToDo"
                            Number = "1073"
                            LinkKeywordParam = "_javaawtFrame"
                            Severity = "2"
                        >Class 'java.awt.Frame' was converted to 'System.Windows.Forms.Form' which has a different behavior.</Issue>
                        <Issue
                            Type = "ToDo"
                            Number = "1073"
                            LinkKeywordParam = "_javaawtComponentsetVisible_boolean"
                            Severity = "2"
                        >Method 'java.awt.Component.setVisible' was converted to 'System.Windows.Forms.Control.Visible' which has a different behavior.</Issue>
                        <Issue
                            Type = "ToDo"
                            Number = "1135"
                            Severity = "2"
                        >'System.Windows.Forms.Application.Run' must be called to start a main form.</Issue>
                    </Section>
                    <Section Name = "StringTemplateTreeView(java.lang.String,org.antlr.stringtemplate.StringTemplate)" >
                        <Issue
                            Type = "ToDo"
                            Number = "1073"
                            LinkKeywordParam = "_javaxswingJFramegetContentPane"
                            Severity = "2"
                        >Method 'javax.swing.JFrame.getContentPane' was converted to 'System.Windows.Forms.Form' which has a different behavior.</Issue>
                        <Issue
                            Type = "ToDo"
                            Number = "1073"
                            LinkKeywordParam = "_javaawtContaineradd_javaawtComponent_javalangObject"
                            Severity = "2"
                        >Method 'java.awt.Container.add' was converted to 'System.Windows.Forms.ContainerControl.Controls.Add' which has a different behavior.</Issue>
                        <Issue
                            Type = "ToDo"
                            Number = "1073"
                            LinkKeywordParam = "_javaawtComponentsetSize_int_int"
                            Severity = "2"
                        >Method 'java.awt.Component.setSize' was converted to 'System.Windows.Forms.Control.Size' which has a different behavior.</Issue>
                    </Section>
                    <Section Name = "main(java.lang.String[])" >
                        <Issue
                            Type = "ToDo"
                            Number = "1073"
                            LinkKeywordParam = "_javaawtComponentsetVisible_boolean"
                            Severity = "2"
                        >Method 'java.awt.Component.setVisible' was converted to 'System.Windows.Forms.Control.Visible' which has a different behavior.</Issue>
                        <Issue
                            Type = "ToDo"
                            Number = "1135"
                            Severity = "2"
                        >'System.Windows.Forms.Application.Run' must be called to start a main form.</Issue>
                    </Section>
                </Class>
            </File>
        </Directory>
        <File
            OldPath = "C:\files\stringtemplate-2.1\org\antlr\stringtemplate\NoIndentWriter.java"
            NewPath = "C:\files\Visual Studio Projects\stringtemplate\NoIndentWriter.cs"
        >
            <Class Name = "org.antlr.stringtemplate.NoIndentWriter" >
                <Section Name = "Declarations" >
                    <Issue
                        Type = "Compile"
                        Number = "1186"
                        Severity = "2"
                    >Class hierarchy differences between 'java.io.Writer' and 'System.IO.StreamWriter' may cause compilation errors.</Issue>
                </Section>
            </Class>
        </File>
        <File
            OldPath = "C:\files\stringtemplate-2.1\org\antlr\stringtemplate\StringTemplate.java"
            NewPath = "C:\files\Visual Studio Projects\stringtemplate\StringTemplate.cs"
        >
            <Class Name = "org.antlr.stringtemplate.StringTemplate.Aggregate" >
                <Section Name = "get_Renamed(java.lang.String)" >
                    <Issue
                        Type = "ToDo"
                        Number = "1073"
                        LinkKeywordParam = "_javautilHashMapget_javalangObject"
                        Severity = "2"
                    >Method 'java.util.HashMap.get' was converted to 'System.Collections.Hashtable.Item' which has a different behavior.</Issue>
                </Section>
                <Section Name = "addEmbeddedInstance(org.antlr.stringtemplate.StringTemplate)" >
                    <Issue
                        Type = "ToDo"
                        Number = "1073"
                        LinkKeywordParam = "_javautilLinkedList"
                        Severity = "2"
                    >Class 'java.util.LinkedList' was converted to 'System.Collections.ArrayList' which has a different behavior.</Issue>
                    <Issue
                        Type = "ToDo"
                        Number = "1043"
                        Severity = "2"
                    >The equivalent in .NET for method 'java.util.List.add' may return a different value.</Issue>
                </Section>
                <Section Name = "reset()" >
                    <Issue
                        Type = "ToDo"
                        Number = "1073"
                        LinkKeywordParam = "_javautilHashMap"
                        Severity = "2"
                    >Class 'java.util.HashMap' was converted to 'System.Collections.Hashtable' which has a different behavior.</Issue>
                </Section>
                <Section Name = "setPredefinedAttributes()" >
                    <Issue
                        Type = "ToDo"
                        Number = "1073"
                        LinkKeywordParam = "_javautilHashMap"
                        Severity = "2"
                    >Class 'java.util.HashMap' was converted to 'System.Collections.Hashtable' which has a different behavior.</Issue>
                </Section>
                <Section Name = "setAttribute(java.lang.String,java.lang.Object)" >
                    <Issue
                        Type = "ToDo"
                        Number = "1043"
                        Severity = "2"
                    >The equivalent in .NET for method 'java.lang.Object.toString' may return a different value.</Issue>
                    <Issue
                        Type = "ToDo"
                        Number = "1073"
                        LinkKeywordParam = "_javautilHashMap"
                        Severity = "2"
                    >Class 'java.util.HashMap' was converted to 'System.Collections.Hashtable' which has a different behavior.</Issue>
                    <Issue
                        Type = "ToDo"
                        Number = "1043"
                        Severity = "2"
                    >The equivalent in .NET for method 'java.util.ArrayList.add' may return a different value.</Issue>
                    <Issue
                        Type = "ToDo"
                        Number = "1043"
                        Severity = "2"
                    >The equivalent in .NET for method 'java.util.ArrayList.add' may return a different value.</Issue>
                    <Issue
                        Type = "ToDo"
                        Number = "1043"
                        Severity = "2"
                    >The equivalent in .NET for method 'java.util.ArrayList.add' may return a different value.</Issue>
                    <Issue
                        Type = "ToDo"
                        Number = "1043"
                        Severity = "2"
                    >The equivalent in .NET for method 'java.util.ArrayList.add' may return a different value.</Issue>
                    <Issue
                        Type = "ToDo"
                        Number = "1043"
                        Severity = "2"
                    >The equivalent in .NET for method 'java.util.ArrayList.add' may return a different value.</Issue>
                </Section>
                <Section Name = "parseAggregateAttributeSpec(java.lang.String,java.util.List)" >
                    <Issue
                        Type = "ToDo"
                        Number = "1043"
                        Severity = "2"
                    >The equivalent in .NET for method 'java.util.List.add' may return a different value.</Issue>
                    <Issue
                        Type = "ToDo"
                        Number = "1043"
                        Severity = "2"
                    >The equivalent in .NET for method 'java.util.List.add' may return a different value.</Issue>
                </Section>
                <Section Name = "rawSetAttribute(java.util.Map,java.lang.String,java.lang.Object)" >
                    <Issue
                        Type = "ToDo"
                        Number = "1043"
                        Severity = "2"
                    >The equivalent in .NET for method 'java.lang.Object.toString' may return a different value.</Issue>
                </Section>
                <Section Name = "breakTemplateIntoChunks()" >
                    <Issue
                        Type = "Compile"
                        Number = "1186"
                        Severity = "2"
                    >Class hierarchy differences between 'java.io.Reader' and 'System.IO.StreamReader' may cause compilation errors.</Issue>
                </Section>
                <Section Name = "addChunk(org.antlr.stringtemplate.language.Expr)" >
                    <Issue
                        Type = "ToDo"
                        Number = "1043"
                        Severity = "2"
                    >The equivalent in .NET for method 'java.util.List.add' may return a different value.</Issue>
                </Section>
                <Section Name = "defineEmptyFormalArgumentList()" >
                    <Issue
                        Type = "ToDo"
                        Number = "1073"
                        LinkKeywordParam = "_javautilHashMap"
                        Severity = "2"
                    >Class 'java.util.HashMap' was converted to 'System.Collections.Hashtable' which has a different behavior.</Issue>
                </Section>
                <Section Name = "defineFormalArgument(java.lang.String)" >
                    <Issue
                        Type = "ToDo"
                        Number = "1073"
                        LinkKeywordParam = "_javautilHashMap"
                        Severity = "2"
                    >Class 'java.util.HashMap' was converted to 'System.Collections.Hashtable' which has a different behavior.</Issue>
                </Section>
                <Section Name = "error(java.lang.String,java.lang.Throwable)" >
                    <Issue
                        Type = "ToDo"
                        Number = "1043"
                        Severity = "2"
                    >The equivalent in .NET for method 'java.lang.Throwable.toString' may return a different value.</Issue>
                </Section>
                <Section Name = "trackAttributeReference(java.lang.String)" >
                    <Issue
                        Type = "ToDo"
                        Number = "1043"
                        Severity = "2"
                    >The equivalent in .NET for method 'java.util.List.add' may return a different value.</Issue>
                </Section>
                <Section Name = "getEnclosingInstanceStackTrace()" >
                    <Issue
                        Type = "ToDo"
                        Number = "1073"
                        LinkKeywordParam = "_javautilMapkeySet"
                        Severity = "2"
                    >Method 'java.util.Map.keySet' was converted to 'SupportClass.HashSetSupport' which has a different behavior.</Issue>
                    <Issue
                        Type = "ToDo"
                        Number = "1073"
                        LinkKeywordParam = "_javautilIteratorhasNext"
                        Severity = "2"
                    >Method 'java.util.Iterator.hasNext' was converted to 'System.Collections.IEnumerator.MoveNext' which has a different behavior.</Issue>
                    <Issue
                        Type = "ToDo"
                        Number = "1073"
                        LinkKeywordParam = "_javautilIteratornext"
                        Severity = "2"
                    >Method 'java.util.Iterator.next' was converted to 'System.Collections.IEnumerator.Current' which has a different behavior.</Issue>
                    <Issue
                        Type = "ToDo"
                        Number = "1073"
                        LinkKeywordParam = "_javautilHashSet"
                        Severity = "2"
                    >Class 'java.util.HashSet' was converted to 'SupportClass.HashSetSupport' which has a different behavior.</Issue>
                </Section>
                <Section Name = "getTemplateDeclaratorString()" >
                    <Issue
                        Type = "ToDo"
                        Number = "1073"
                        LinkKeywordParam = "_javautilMapkeySet"
                        Severity = "2"
                    >Method 'java.util.Map.keySet' was converted to 'SupportClass.HashSetSupport' which has a different behavior.</Issue>
                </Section>
                <Section Name = "checkForTrouble()" >
                    <Issue
                        Type = "ToDo"
                        Number = "1073"
                        LinkKeywordParam = "_javautilIteratorhasNext"
                        Severity = "2"
                    >Method 'java.util.Iterator.hasNext' was converted to 'System.Collections.IEnumerator.MoveNext' which has a different behavior.</Issue>
                    <Issue
                        Type = "ToDo"
                        Number = "1073"
                        LinkKeywordParam = "_javautilIteratornext"
                        Severity = "2"
                    >Method 'java.util.Iterator.next' was converted to 'System.Collections.IEnumerator.Current' which has a different behavior.</Issue>
                    <Issue
                        Type = "ToDo"
                        Number = "1073"
                        LinkKeywordParam = "_javautilMapkeySet"
                        Severity = "2"
                    >Method 'java.util.Map.keySet' was converted to 'SupportClass.HashSetSupport' which has a different behavior.</Issue>
                </Section>
                <Section Name = "toDebugString()" >
                    <Issue
                        Type = "ToDo"
                        Number = "1073"
                        LinkKeywordParam = "_javautilIteratorhasNext"
                        Severity = "2"
                    >Method 'java.util.Iterator.hasNext' was converted to 'System.Collections.IEnumerator.MoveNext' which has a different behavior.</Issue>
                    <Issue
                        Type = "ToDo"
                        Number = "1073"
                        LinkKeywordParam = "_javautilIteratornext"
                        Severity = "2"
                    >Method 'java.util.Iterator.next' was converted to 'System.Collections.IEnumerator.Current' which has a different behavior.</Issue>
                    <Issue
                        Type = "ToDo"
                        Number = "1073"
                        LinkKeywordParam = "_javautilMapkeySet"
                        Severity = "2"
                    >Method 'java.util.Map.keySet' was converted to 'SupportClass.HashSetSupport' which has a different behavior.</Issue>
                </Section>
                <Section Name = "printDebugString()" >
                    <Issue
                        Type = "ToDo"
                        Number = "1073"
                        LinkKeywordParam = "_javautilIteratorhasNext"
                        Severity = "2"
                    >Method 'java.util.Iterator.hasNext' was converted to 'System.Collections.IEnumerator.MoveNext' which has a different behavior.</Issue>
                    <Issue
                        Type = "ToDo"
                        Number = "1073"
                        LinkKeywordParam = "_javaioPrintStreamprintln_javalangObject"
                        Severity = "2"
                    >Method 'java.io.PrintStream.println' was converted to 'System.Console.Out.WriteLine' which has a different behavior.</Issue>
                    <Issue
                        Type = "ToDo"
                        Number = "1043"
                        Severity = "2"
                    >The equivalent in .NET for method 'java.lang.Object.toString' may return a different value.</Issue>
                    <Issue
                        Type = "ToDo"
                        Number = "1043"
                        Severity = "2"
                    >The equivalent in .NET for method 'java.lang.Class.getName' may return a different value.</Issue>
                    <Issue
                        Type = "ToDo"
                        Number = "1073"
                        LinkKeywordParam = "_javaioPrintStreamprintln_javalangObject"
                        Severity = "2"
                    >Method 'java.io.PrintStream.println' was converted to 'System.Console.Out.WriteLine' which has a different behavior.</Issue>
                    <Issue
                        Type = "ToDo"
                        Number = "1043"
                        Severity = "2"
                    >The equivalent in .NET for method 'java.lang.Object.toString' may return a different value.</Issue>
                    <Issue
                        Type = "ToDo"
                        Number = "1073"
                        LinkKeywordParam = "_javautilIteratornext"
                        Severity = "2"
                    >Method 'java.util.Iterator.next' was converted to 'System.Collections.IEnumerator.Current' which has a different behavior.</Issue>
                    <Issue
                        Type = "ToDo"
                        Number = "1073"
                        LinkKeywordParam = "_javautilMapkeySet"
                        Severity = "2"
                    >Method 'java.util.Map.keySet' was converted to 'SupportClass.HashSetSupport' which has a different behavior.</Issue>
                </Section>
                <Section Name = "Declarations" >
                    <Issue
                        Type = "ToDo"
                        Number = "1073"
                        LinkKeywordParam = "_javautilHashMap"
                        Severity = "2"
                    >Class 'java.util.HashMap' was converted to 'System.Collections.Hashtable' which has a different behavior.</Issue>
                    <Issue
                        Type = "ToDo"
                        Number = "1073"
                        LinkKeywordParam = "_javautilHashMap"
                        Severity = "2"
                    >Class 'java.util.HashMap' was converted to 'System.Collections.Hashtable' which has a different behavior.</Issue>
                    <Issue
                        Type = "ToDo"
                        Number = "1280"
                        Severity = "2"
                    >The 'antlr' package was found, but not necessarily converted. References to it may cause compile errors.</Issue>
                </Section>
            </Class>
        </File>
        <File
            OldPath = "C:\files\stringtemplate-2.1\org\antlr\stringtemplate\StringTemplateErrorListener.java"
            NewPath = "C:\files\Visual Studio Projects\stringtemplate\StringTemplateErrorListener.cs"
        />
        <File
            OldPath = "C:\files\stringtemplate-2.1\org\antlr\stringtemplate\StringTemplateGroup.java"
            NewPath = "C:\files\Visual Studio Projects\stringtemplate\StringTemplateGroup.cs"
        >
            <Class Name = "org.antlr.stringtemplate.StringTemplateGroup" >
                <Section Name = "loadTemplateFromBeneathRootDirOrCLASSPATH(java.lang.String)" >
                    <Issue
                        Type = "ToDo"
                        Number = "1092"
                        Severity = "2"
                    >The differences in the expected value  of parameters for constructor 'java.io.BufferedReader.BufferedReader'  may cause compilation errors. </Issue>
                    <Issue
                        Type = "Runtime"
                        Number = "1181"
                        Severity = "2"
                    >At least one expression was used more than once in the target code.</Issue>
                    <Issue
                        Type = "Compile"
                        Number = "1000"
                        LinkKeywordParam = "_javalangClassLoader"
                        Severity = "1"
                    >Class 'java.lang.ClassLoader' was not converted.</Issue>
                    <Issue
                        Type = "Compile"
                        Number = "1000"
                        LinkKeywordParam = "_javalangThreadgetContextClassLoader"
                        Severity = "1"
                    >Method 'java.lang.Thread.getContextClassLoader' was not converted.</Issue>
                    <Issue
                        Type = "Compile"
                        Number = "1000"
                        LinkKeywordParam = "_javalangClassLoader"
                        Severity = "1"
                    >Method 'java.lang.ClassLoader.getResourceAsStream' was not converted.</Issue>
                </Section>
                <Section Name = "loadTemplate(java.lang.String,java.lang.String)" >
                    <Issue
                        Type = "ToDo"
                        Number = "1073"
                        LinkKeywordParam = "_javaioFileInputStreamFileInputStream_javalangString"
                        Severity = "2"
                    >Constructor 'java.io.FileInputStream.FileInputStream' was converted to 'System.IO.FileStream.FileStream' which has a different behavior.</Issue>
                    <Issue
                        Type = "ToDo"
                        Number = "1092"
                        Severity = "2"
                    >The differences in the expected value  of parameters for constructor 'java.io.BufferedReader.BufferedReader'  may cause compilation errors. </Issue>
                </Section>
                <Section Name = "getInputStreamReader(java.io.InputStream)" >
                    <Issue
                        Type = "ToDo"
                        Number = "1073"
                        LinkKeywordParam = "_javaioInputStreamReaderInputStreamReader_javaioInputStream_javalangString"
                        Severity = "2"
                    >Constructor 'java.io.InputStreamReader.InputStreamReader' was converted to 'System.IO.StreamReader' which has a different behavior.</Issue>
                </Section>
                <Section Name = "getStringTemplateWriter(java.io.Writer)" >
                    <Issue
                        Type = "Compile"
                        Number = "1186"
                        Severity = "2"
                    >Class hierarchy differences between 'java.io.Writer' and 'System.IO.StreamWriter' may cause compilation errors.</Issue>
                </Section>
                <Section Name = "error(java.lang.String,java.lang.Exception)" >
                    <Issue
                        Type = "ToDo"
                        Number = "1043"
                        Severity = "2"
                    >The equivalent in .NET for method 'java.lang.Throwable.toString' may return a different value.</Issue>
                </Section>
                <Section Name = "toString()" >
                    <Issue
                        Type = "ToDo"
                        Number = "1073"
                        LinkKeywordParam = "_javautilIteratorhasNext"
                        Severity = "2"
                    >Method 'java.util.Iterator.hasNext' was converted to 'System.Collections.IEnumerator.MoveNext' which has a different behavior.</Issue>
                    <Issue
                        Type = "ToDo"
                        Number = "1073"
                        LinkKeywordParam = "_javautilIteratornext"
                        Severity = "2"
                    >Method 'java.util.Iterator.next' was converted to 'System.Collections.IEnumerator.Current' which has a different behavior.</Issue>
                    <Issue
                        Type = "ToDo"
                        Number = "1073"
                        LinkKeywordParam = "_javautilMapkeySet"
                        Severity = "2"
                    >Method 'java.util.Map.keySet' was converted to 'SupportClass.HashSetSupport' which has a different behavior.</Issue>
                </Section>
                <Section Name = "Declarations" >
                    <Issue
                        Type = "ToDo"
                        Number = "1073"
                        LinkKeywordParam = "_javautilHashMap"
                        Severity = "2"
                    >Class 'java.util.HashMap' was converted to 'System.Collections.Hashtable' which has a different behavior.</Issue>
                    <Issue
                        Type = "ToDo"
                        Number = "1073"
                        LinkKeywordParam = "_javautilHashMap"
                        Severity = "2"
                    >Class 'java.util.HashMap' was converted to 'System.Collections.Hashtable' which has a different behavior.</Issue>
                    <Issue
                        Type = "Compile"
                        Number = "1000"
                        LinkKeywordParam = "_javalangSystem"
                        Severity = "1"
                    >Method 'java.lang.System.getProperty' was not converted.</Issue>
                    <Issue
                        Type = "Compile"
                        Number = "1186"
                        Severity = "2"
                    >Class hierarchy differences between 'java.io.Reader' and 'System.IO.StreamReader' may cause compilation errors.</Issue>
                    <Issue
                        Type = "Compile"
                        Number = "1186"
                        Severity = "2"
                    >Class hierarchy differences between 'java.io.Reader' and 'System.IO.StreamReader' may cause compilation errors.</Issue>
                    <Issue
                        Type = "Compile"
                        Number = "1186"
                        Severity = "2"
                    >Class hierarchy differences between 'java.io.Reader' and 'System.IO.StreamReader' may cause compilation errors.</Issue>
                    <Issue
                        Type = "Compile"
                        Number = "1186"
                        Severity = "2"
                    >Class hierarchy differences between 'java.io.Reader' and 'System.IO.StreamReader' may cause compilation errors.</Issue>
                    <Issue
                        Type = "Compile"
                        Number = "1186"
                        Severity = "2"
                    >Class hierarchy differences between 'java.io.Reader' and 'System.IO.StreamReader' may cause compilation errors.</Issue>
                    <Issue
                        Type = "Compile"
                        Number = "1186"
                        Severity = "2"
                    >Class hierarchy differences between 'java.io.Writer' and 'System.IO.StreamWriter' may cause compilation errors.</Issue>
                    <Issue
                        Type = "ToDo"
                        Number = "1262"
                        Severity = "2"
                    >The type 'org.antlr.stringtemplate.language.DefaultTemplateLexer' could not be found. If it was not included in the conversion, there may be compiler issues.</Issue>
                    <Issue
                        Type = "ToDo"
                        Number = "1262"
                        Severity = "2"
                    >The type 'org.antlr.stringtemplate.language.GroupLexer' could not be found. If it was not included in the conversion, there may be compiler issues.</Issue>
                    <Issue
                        Type = "ToDo"
                        Number = "1262"
                        Severity = "2"
                    >The type 'org.antlr.stringtemplate.language.GroupParser' could not be found. If it was not included in the conversion, there may be compiler issues.</Issue>
                </Section>
            </Class>
        </File>
        <File
            OldPath = "C:\files\stringtemplate-2.1\org\antlr\stringtemplate\StringTemplateWriter.java"
            NewPath = "C:\files\Visual Studio Projects\stringtemplate\StringTemplateWriter.cs"
        />
        <Directory Name = "test" >
            <File
                OldPath = "C:\files\stringtemplate-2.1\org\antlr\stringtemplate\test\FailedAssertionException.java"
                NewPath = "C:\files\Visual Studio Projects\stringtemplate\FailedAssertionException.cs"
            />
            <File
                OldPath = "C:\files\stringtemplate-2.1\org\antlr\stringtemplate\test\TestEvalSpeed.java"
                NewPath = "C:\files\Visual Studio Projects\stringtemplate\TestEvalSpeed.cs"
            />
            <File
                OldPath = "C:\files\stringtemplate-2.1\org\antlr\stringtemplate\test\TestRig.java"
                NewPath = "C:\files\Visual Studio Projects\stringtemplate\TestRig.cs"
            >
                <Class Name = "org.antlr.stringtemplate.test.TestRig" >
                    <Section Name = "main(java.lang.String[])" >
                        <Issue
                            Type = "ToDo"
                            Number = "1092"
                            Severity = "2"
                        >The differences in the format  of parameters for method 'java.lang.Class.forName'  may cause compilation errors. </Issue>
                    </Section>
                </Class>
            </File>
            <File
                OldPath = "C:\files\stringtemplate-2.1\org\antlr\stringtemplate\test\TestStringTemplate.java"
                NewPath = "C:\files\Visual Studio Projects\stringtemplate\TestStringTemplate.cs"
            >
                <Class Name = "org.antlr.stringtemplate.test.TestStringTemplate.ErrorBuffer" >
                    <Section Name = "error(java.lang.String,java.lang.Throwable)" >
                        <Issue
                            Type = "ToDo"
                            Number = "1043"
                            Severity = "2"
                        >The equivalent in .NET for method 'java.lang.Throwable.toString' may return a different value.</Issue>
                    </Section>
                    <Section Name = "equals(java.lang.Object)" >
                        <Issue
                            Type = "ToDo"
                            Number = "1043"
                            Severity = "2"
                        >The equivalent in .NET for method 'java.lang.Object.toString' may return a different value.</Issue>
                    </Section>
                    <Section Name = "testTemplateParameterDecls()" >
                        <Issue
                            Type = "ToDo"
                            Number = "1043"
                            Severity = "2"
                        >The equivalent in .NET for method 'java.lang.Throwable.getMessage' may return a different value.</Issue>
                    </Section>
                    <Section Name = "testTemplateRedef()" >
                        <Issue
                            Type = "ToDo"
                            Number = "1043"
                            Severity = "2"
                        >The equivalent in .NET for method 'java.lang.Object.toString' may return a different value.</Issue>
                    </Section>
                    <Section Name = "testUndefinedArgumentAssignment()" >
                        <Issue
                            Type = "ToDo"
                            Number = "1043"
                            Severity = "2"
                        >The equivalent in .NET for method 'java.lang.Throwable.getMessage' may return a different value.</Issue>
                    </Section>
                    <Section Name = "testUndefinedArgumentAssignmentInApply()" >
                        <Issue
                            Type = "ToDo"
                            Number = "1043"
                            Severity = "2"
                        >The equivalent in .NET for method 'java.lang.Throwable.getMessage' may return a different value.</Issue>
                    </Section>
                    <Section Name = "testUndefinedAttributeReference()" >
                        <Issue
                            Type = "ToDo"
                            Number = "1043"
                            Severity = "2"
                        >The equivalent in .NET for method 'java.lang.Throwable.getMessage' may return a different value.</Issue>
                    </Section>
                    <Section Name = "testUndefinedDefaultAttributeReference()" >
                        <Issue
                            Type = "ToDo"
                            Number = "1043"
                            Severity = "2"
                        >The equivalent in .NET for method 'java.lang.Throwable.getMessage' may return a different value.</Issue>
                    </Section>
                    <Section Name = "testCollectionAttributes()" >
                        <Issue
                            Type = "ToDo"
                            Number = "1043"
                            Severity = "2"
                        >The equivalent in .NET for method 'java.util.List.add' may return a different value.</Issue>
                        <Issue
                            Type = "ToDo"
                            Number = "1043"
                            Severity = "2"
                        >The equivalent in .NET for method 'java.util.List.add' may return a different value.</Issue>
                        <Issue
                            Type = "ToDo"
                            Number = "1043"
                            Severity = "2"
                        >The equivalent in .NET for method 'java.util.List.add' may return a different value.</Issue>
                    </Section>
                    <Section Name = "testMissingEndDelimiter()" >
                        <Issue
                            Type = "ToDo"
                            Number = "1043"
                            Severity = "2"
                        >The equivalent in .NET for method 'java.lang.Object.toString' may return a different value.</Issue>
                    </Section>
                    <Section Name = "testSetButNotRefd()" >
                        <Issue
                            Type = "ToDo"
                            Number = "1043"
                            Severity = "2"
                        >The equivalent in .NET for method 'java.lang.Object.toString' may return a different value.</Issue>
                    </Section>
                    <Section Name = "testNullTemplateApplication()" >
                        <Issue
                            Type = "ToDo"
                            Number = "1043"
                            Severity = "2"
                        >The equivalent in .NET for method 'java.lang.Throwable.getMessage' may return a different value.</Issue>
                    </Section>
                    <Section Name = "testNullTemplateToMultiValuedApplication()" >
                        <Issue
                            Type = "ToDo"
                            Number = "1043"
                            Severity = "2"
                        >The equivalent in .NET for method 'java.lang.Throwable.getMessage' may return a different value.</Issue>
                    </Section>
                    <Section Name = "testApplyingTemplateFromDiskWithPrecompiledIF()" >
                        <Issue
                            Type = "ToDo"
                            Number = "1073"
                            LinkKeywordParam = "_javaioFileWriter"
                            Severity = "2"
                        >Class 'java.io.FileWriter' was converted to 'System.IO.StreamWriter' which has a different behavior.</Issue>
                        <Issue
                            Type = "ToDo"
                            Number = "1073"
                            LinkKeywordParam = "_javaioFileWriterFileWriter_javalangString"
                            Severity = "2"
                        >Constructor 'java.io.FileWriter.FileWriter' was converted to 'System.IO.StreamWriter' which has a different behavior.</Issue>
                        <Issue
                            Type = "ToDo"
                            Number = "1073"
                            LinkKeywordParam = "_javaioFileWriter"
                            Severity = "2"
                        >Class 'java.io.FileWriter' was converted to 'System.IO.StreamWriter' which has a different behavior.</Issue>
                        <Issue
                            Type = "ToDo"
                            Number = "1073"
                            LinkKeywordParam = "_javaioFileWriterFileWriter_javalangString"
                            Severity = "2"
                        >Constructor 'java.io.FileWriter.FileWriter' was converted to 'System.IO.StreamWriter' which has a different behavior.</Issue>
                        <Issue
                            Type = "ToDo"
                            Number = "1073"
                            LinkKeywordParam = "_javaioFileWriter"
                            Severity = "2"
                        >Class 'java.io.FileWriter' was converted to 'System.IO.StreamWriter' which has a different behavior.</Issue>
                    </Section>
                </Class>
                <Class Name = "org.antlr.stringtemplate.test.TestStringTemplate.Tree" >
                    <Section Name = "addChild(org.antlr.stringtemplate.test.TestStringTemplate.Tree)" >
                        <Issue
                            Type = "ToDo"
                            Number = "1043"
                            Severity = "2"
                        >The equivalent in .NET for method 'java.util.List.add' may return a different value.</Issue>
                    </Section>
                </Class>
                <Class Name = "org.antlr.stringtemplate.test.TestStringTemplate" >
                    <Section Name = "testApplyAnonymousTemplateToMapAndSet()" >
                        <Issue
                            Type = "ToDo"
                            Number = "1073"
                            LinkKeywordParam = "_javautilHashMap"
                            Severity = "2"
                        >Class 'java.util.HashMap' was converted to 'System.Collections.Hashtable' which has a different behavior.</Issue>
                        <Issue
                            Type = "ToDo"
                            Number = "1073"
                            LinkKeywordParam = "_javautilHashSet"
                            Severity = "2"
                        >Class 'java.util.HashSet' was converted to 'SupportClass.HashSetSupport' which has a different behavior.</Issue>
                    </Section>
                    <Section Name = "testDumpMapAndSet()" >
                        <Issue
                            Type = "ToDo"
                            Number = "1073"
                            LinkKeywordParam = "_javautilHashMap"
                            Severity = "2"
                        >Class 'java.util.HashMap' was converted to 'System.Collections.Hashtable' which has a different behavior.</Issue>
                        <Issue
                            Type = "ToDo"
                            Number = "1073"
                            LinkKeywordParam = "_javautilHashSet"
                            Severity = "2"
                        >Class 'java.util.HashSet' was converted to 'SupportClass.HashSetSupport' which has a different behavior.</Issue>
                    </Section>
                </Class>
                <Class Name = "org.antlr.stringtemplate.test.TestStringTemplate.Connector3" >
                    <Section Name = "getStuff()" >
                        <Issue
                            Type = "ToDo"
                            Number = "1073"
                            LinkKeywordParam = "_javautilHashMap"
                            Severity = "2"
                        >Class 'java.util.HashMap' was converted to 'System.Collections.Hashtable' which has a different behavior.</Issue>
                    </Section>
                    <Section Name = "testDeliberateRecursiveTemplateApplication()" >
                        <Issue
                            Type = "ToDo"
                            Number = "1043"
                            Severity = "2"
                        >The equivalent in .NET for method 'java.lang.Throwable.getMessage' may return a different value.</Issue>
                    </Section>
                </Class>
                <Class Name = "org.antlr.stringtemplate.test.TestStringTemplate.R3" >
                    <Section Name = "getAMap()" >
                        <Issue
                            Type = "ToDo"
                            Number = "1073"
                            LinkKeywordParam = "_javautilHashMap"
                            Severity = "2"
                        >Class 'java.util.HashMap' was converted to 'System.Collections.Hashtable' which has a different behavior.</Issue>
                        <Issue
                            Type = "ToDo"
                            Number = "1073"
                            LinkKeywordParam = "_javautilHashMap"
                            Severity = "2"
                        >Class 'java.util.HashMap' was converted to 'System.Collections.Hashtable' which has a different behavior.</Issue>
                    </Section>
                    <Section Name = "testReflectionWithMap()" >
                        <Issue
                            Type = "ToDo"
                            Number = "1073"
                            LinkKeywordParam = "_javautilHashMap"
                            Severity = "2"
                        >Class 'java.util.HashMap' was converted to 'System.Collections.Hashtable' which has a different behavior.</Issue>
                        <Issue
                            Type = "ToDo"
                            Number = "1073"
                            LinkKeywordParam = "_javautilHashMap"
                            Severity = "2"
                        >Class 'java.util.HashMap' was converted to 'System.Collections.Hashtable' which has a different behavior.</Issue>
                    </Section>
                    <Section Name = "testHashMapPropertyFetch()" >
                        <Issue
                            Type = "ToDo"
                            Number = "1073"
                            LinkKeywordParam = "_javautilHashMap"
                            Severity = "2"
                        >Class 'java.util.HashMap' was converted to 'System.Collections.Hashtable' which has a different behavior.</Issue>
                        <Issue
                            Type = "ToDo"
                            Number = "1073"
                            LinkKeywordParam = "_javautilHashMap"
                            Severity = "2"
                        >Class 'java.util.HashMap' was converted to 'System.Collections.Hashtable' which has a different behavior.</Issue>
                    </Section>
                </Class>
                <Class Name = "org.antlr.stringtemplate.test.TestStringTemplate.Duh" >
                    <Section Name = "Declarations" >
                        <Issue
                            Type = "ToDo"
                            Number = "1073"
                            LinkKeywordParam = "_javautilLinkedList"
                            Severity = "2"
                        >Class 'java.util.LinkedList' was converted to 'System.Collections.ArrayList' which has a different behavior.</Issue>
                        <Issue
                            Type = "ToDo"
                            Number = "1262"
                            Severity = "2"
                        >The type 'org.antlr.stringtemplate.language.AngleBracketTemplateLexer' could not be found. If it was not included in the conversion, there may be compiler issues.</Issue>
                    </Section>
                </Class>
            </File>
            <File
                OldPath = "C:\files\stringtemplate-2.1\org\antlr\stringtemplate\test\TestSuite.java"
                NewPath = "C:\files\Visual Studio Projects\stringtemplate\TestSuite.cs"
            >
                <Class Name = "org.antlr.stringtemplate.test.TestSuite" >
                    <Section Name = "assertEqual(java.lang.Object,java.lang.Object)" >
                        <Issue
                            Type = "ToDo"
                            Number = "1043"
                            Severity = "2"
                        >The equivalent in .NET for method 'java.lang.Object.toString' may return a different value.</Issue>
                        <Issue
                            Type = "ToDo"
                            Number = "1043"
                            Severity = "2"
                        >The equivalent in .NET for method 'java.lang.Object.toString' may return a different value.</Issue>
                        <Issue
                            Type = "ToDo"
                            Number = "1043"
                            Severity = "2"
                        >The equivalent in .NET for method 'java.lang.Object.toString' may return a different value.</Issue>
                    </Section>
                    <Section Name = "time(java.lang.String,int)" >
                        <Issue
                            Type = "Runtime"
                            Number = "1042"
                            Severity = "2"
                        >Data types in Visual C# might be different.  Verify the accuracy of narrowing conversions.</Issue>
                    </Section>
                    <Section Name = "runTest(java.lang.String)" >
                        <Issue
                            Type = "ToDo"
                            Number = "1043"
                            Severity = "2"
                        >The equivalent in .NET for method 'java.lang.Throwable.getMessage' may return a different value.</Issue>
                    </Section>
                </Class>
            </File>
        </Directory>
        <Issue
            Type = "Global Warning"
            Number = "1274"
            Severity = "2"
        >Interaction between members of a class may differ because their execution sequence is different. </Issue>
        <Issue
            Type = "Global Warning"
            Number = "1297"
            Severity = "2"
        >Enumerations should be started first before accessing their data by calling their MoveNext method.</Issue>
        <Issue
            Type = "Global Warning"
            Number = "1133"
            Severity = "2"
        >The equivalent of java.lang.Object.equals in Visual C# can return a different value if the two comparison methods differ.</Issue>
        <Issue
            Type = "Global Warning"
            Number = "1264"
            Severity = "2"
        >Events behave differently in the .NET Framework.</Issue>
        <Issue
            Type = "Global Note"
            Number = "1024"
            Severity = "3"
        >Anonymous classes were converted to nested classes.</Issue>
    </Root>
</ConversionLog>

